PRAGMA foreign_keys=OFF;
BEGIN TRANSACTION;
CREATE TABLE IF NOT EXISTS "migrations" ("id" integer primary key autoincrement not null, "migration" varchar not null, "batch" integer not null);
INSERT INTO migrations VALUES(1,'2018_01_27_155922_create_items_table',1);
INSERT INTO migrations VALUES(2,'2018_02_04_185524_create_settings_table',1);
INSERT INTO migrations VALUES(3,'2018_02_04_185802_create_setting_groups_table',1);
INSERT INTO migrations VALUES(4,'2018_02_16_175830_add_columns_to_items_for_groups',1);
INSERT INTO migrations VALUES(5,'2018_02_16_193703_item_tag',1);
INSERT INTO migrations VALUES(6,'2018_10_12_122907_create_users_table',1);
INSERT INTO migrations VALUES(7,'2018_10_12_123036_create_password_resets_table',1);
INSERT INTO migrations VALUES(8,'2018_10_12_131222_add_user_id_to_items_table',1);
INSERT INTO migrations VALUES(9,'2018_10_12_140451_create_setting_user_pivot_table',1);
INSERT INTO migrations VALUES(10,'2018_10_18_110905_create_applications_table',1);
INSERT INTO migrations VALUES(11,'2018_10_23_132008_add_class_to_items_table',1);
INSERT INTO migrations VALUES(12,'2018_10_31_191604_create_jobs_table',1);
INSERT INTO migrations VALUES(13,'2018_11_06_112434_create_failed_jobs_table',1);
INSERT INTO migrations VALUES(14,'2022_03_15_140911_add_appid_to_items',1);
INSERT INTO migrations VALUES(15,'2022_03_16_093044_add_class_to_application',1);
INSERT INTO migrations VALUES(16,'2022_03_16_181343_add_app_description_to_items',1);
INSERT INTO migrations VALUES(17,'2024_02_16_000000_rename_password_resets_table',1);
CREATE TABLE IF NOT EXISTS "items" ("id" integer primary key autoincrement not null, "title" varchar not null, "colour" varchar, "icon" varchar, "url" varchar not null, "description" text, "pinned" tinyint(1) not null default '0', "order" integer not null default '0', "deleted_at" datetime, "created_at" datetime, "updated_at" datetime, "type" integer not null default '0', "user_id" integer not null default '1', "class" varchar, "appid" varchar, "appdescription" text);
INSERT INTO items VALUES(0,'app.dashboard',NULL,NULL,'',NULL,0,0,NULL,'2025-05-26 03:08:49','2025-05-26 03:08:49',1,0,NULL,NULL,NULL);
INSERT INTO items VALUES(1,'Jellyfin','#161b1f','icons/jellyfin.svg','jellyfin.lan','{"enabled":"0","override_url":null,"password":null}',1,0,NULL,'2025-05-26 03:12:50','2025-05-26 03:23:44',0,1,'App\SupportedApps\Jellyfin\Jellyfin','3e0a7f109bd760b9474c78cb652e8c3e82669226','Jellyfin is the Free Software Media System that puts you in control of managing and streaming your media. There are no strings attached, no premium licenses or features, and no hidden agendas.');
INSERT INTO items VALUES(2,'qBittorrent','#161b1f','icons/qbittorrent.svg','http://qbittorrent.replace_domain/','{"enabled":"0","override_url":null,"username":null,"password":null}',1,0,NULL,'2025-05-26 04:16:10','2025-05-26 04:16:10',0,1,'App\SupportedApps\qBittorrent\qBittorrent','3ebd4dd8afe6308e392ccf09e3516eee99a1e8df','The qBittorrent project aims to provide an open-source software alternative to µTorrent.');
INSERT INTO items VALUES(3,'Traefik','#161b1f','icons/traefik.svg','http://traefik.replace_domain/','{"enabled":"0","override_url":null,"fields":"E","ignore_tls":"0","username":null,"password":null}',1,0,NULL,'2025-05-26 04:17:34','2025-05-26 04:17:34',0,1,'App\SupportedApps\Traefik\Traefik','a83e2ce54bbef3bef63aa7f02b08dbda7fdae4c5','Træfik is a modern HTTP reverse proxy and load balancer that makes deploying microservices easy. Træfik integrates with your existing infrastructure components and configures itself automatically and dynamically.');
INSERT INTO items VALUES(4,'Radarr','#000','icons/radarr.svg','http://radarr.replace_domain/','{"enabled":"0","override_url":null,"apikey":null}',1,0,NULL,'2025-05-26 04:18:10','2025-05-26 04:20:10',0,1,'App\SupportedApps\Radarr\Radarr','8a5cd39a1a5dff323d63bbe45fffe0c9c03bd2e7',replace(replace('Radarr is an independent fork of Sonarr reworked for automatically downloading movies via Usenet and BitTorrent.\r\n\r\nThe project was inspired by other Usenet/BitTorrent movie downloaders such as CouchPotato.','\r',char(13)),'\n',char(10)));
INSERT INTO items VALUES(5,'Heimdall','#161b1f','icons/heimdall.png','http://heimdall.replace_domain/','{"enabled":"0","override_url":null}',1,0,'2025-05-26 04:21:41','2025-05-26 04:19:02','2025-05-26 04:21:41',0,1,'App\SupportedApps\Heimdall\Heimdall','b2005b3bb19b3916425998c0edd72b97667ec1fc',replace(replace('As the name suggests Heimdall Application Dashboard is a dashboard for all your web applications. It doesn''t need to be limited to applications though, you can add links to anything you like.\r\nHeimdall is an elegant solution to organise all your web applications. It’s dedicated to this purpose so you won’t lose your links in a sea of bookmarks.\r\nWhy not use it as your browser start page? It even has the ability to include a search bar using either Google, Bing or DuckDuckGo.','\r',char(13)),'\n',char(10)));
INSERT INTO items VALUES(6,'Prowlarr','#161b1f','icons/prowlarr.svg','http://prowlarr.replace_domain/','{"enabled":"0","override_url":null,"apikey":null}',1,0,NULL,'2025-05-26 04:19:47','2025-05-26 04:19:47',0,1,'App\SupportedApps\Prowlarr\Prowlarr','de6ff49c94538e6e13a77f75991141a4fe9af8bf','Prowlarr is a indexer manager/proxy built on the popular arr .net/reactjs base stack to integrate with your various PVR apps. Prowlarr supports both Torrent Trackers and Usenet Indexers. It integrates seamlessly with Sonarr, Radarr, Lidarr, and Readarr offering complete management of your indexers with no per app Indexer setup required (we do it all).');
CREATE TABLE IF NOT EXISTS "settings" ("id" integer primary key autoincrement not null, "group_id" integer not null default '0', "key" varchar not null, "type" varchar not null default 'text', "options" text, "label" varchar not null, "value" varchar, "order" varchar not null default '0', "system" tinyint(1) not null default '0');
INSERT INTO settings VALUES(1,1,'version','text',NULL,'app.settings.version','2.6.3','0',1);
INSERT INTO settings VALUES(2,2,'background_image','image',NULL,'app.settings.background_image',NULL,'0',0);
INSERT INTO settings VALUES(3,3,'homepage_search','boolean',NULL,'app.settings.homepage_search',NULL,'0',0);
INSERT INTO settings VALUES(4,3,'search_provider','select','{"none":"app.options.none","google":"app.options.google","ddg":"app.options.ddg","qwant":"app.options.qwant","bing":"app.options.bing","startpage":"app.options.startpage"}','app.settings.search_provider',NULL,'0',0);
INSERT INTO settings VALUES(5,1,'language','select','{"br":"Breton (Breton)","cs":"Czech (Czech)","da":"Danish (Danish)","de":"German (German)","el":"Greek (Greek)","en":"English (English)","es":"Spanish (Spanish)","fi":"Finnish (Finnish)","fr":"French (French)","hu":"Hungarian (Hungarian)","it":"Italian (Italian)","jp":"Jp (Jp)","ko":"Korean (Korean)","lmo":"Lombard (Lombard)","nl":"Dutch (Dutch)","no":"Norwegian (Norwegian)","pl":"Polish (Polish)","pt":"Portuguese (Portuguese)","rs":"Rs (Rs)","ru":"Russian (Russian)","sl":"Slovenian (Slovenian)","sv":"Swedish (Swedish)","tr":"Turkish (Turkish)","uk":"Ukrainian (Ukrainian)","zh":"Chinese (Chinese)","zh_TW":"Zh (Chinese)"}','app.settings.language','en','0',0);
INSERT INTO settings VALUES(7,3,'window_target','select','{"current":"app.settings.window_target.current","heimdall":"app.settings.window_target.one","_blank":"app.settings.window_target.new"}','app.settings.window_target','heimdall','0',0);
INSERT INTO settings VALUES(8,1,'support','text',NULL,'app.settings.support','<a rel="noopener" target="_blank" href="https://discord.gg/CCjHKn4">Discord</a> | <a rel="noopener" target="_blank" href="https://github.com/linuxserver/Heimdall">Github</a> | <a rel="noopener" target="_blank" href="https://blog.heimdall.site/">Blog</a>','0',1);
INSERT INTO settings VALUES(9,1,'donate','text',NULL,'app.settings.donate','<a rel="noopener" target="_blank" href="https://www.paypal.me/heimdall">Paypal</a>','0',1);
INSERT INTO settings VALUES(10,4,'custom_css','textarea',NULL,'app.settings.custom_css','','0',0);
INSERT INTO settings VALUES(11,4,'custom_js','textarea',NULL,'app.settings.custom_js','','0',0);
INSERT INTO settings VALUES(12,2,'trianglify','boolean',NULL,'app.settings.trianglify',NULL,'0',0);
INSERT INTO settings VALUES(13,2,'trianglify_seed','text',NULL,'app.settings.trianglify_seed','heimdall','0',0);
INSERT INTO settings VALUES(14,2,'treat_tags_as','select','{"folders":"app.settings.folders","tags":"app.settings.tags","categories":"app.settings.categories"}','app.settings.treat_tags_as','folders','0',0);
CREATE TABLE IF NOT EXISTS "setting_groups" ("id" integer primary key autoincrement not null, "title" varchar not null, "order" integer not null default '0');
INSERT INTO setting_groups VALUES(1,'app.settings.system',0);
INSERT INTO setting_groups VALUES(2,'app.settings.appearance',1);
INSERT INTO setting_groups VALUES(3,'app.settings.miscellaneous',2);
INSERT INTO setting_groups VALUES(4,'app.settings.advanced',3);
CREATE TABLE IF NOT EXISTS "item_tag" ("item_id" integer not null, "tag_id" integer not null, "created_at" datetime, "updated_at" datetime, foreign key("item_id") references "items"("id") on delete cascade, foreign key("tag_id") references "items"("id") on delete cascade);
INSERT INTO item_tag VALUES(1,0,NULL,NULL);
INSERT INTO item_tag VALUES(2,0,NULL,NULL);
INSERT INTO item_tag VALUES(3,0,NULL,NULL);
INSERT INTO item_tag VALUES(4,0,NULL,NULL);
INSERT INTO item_tag VALUES(5,0,NULL,NULL);
INSERT INTO item_tag VALUES(6,0,NULL,NULL);
CREATE TABLE IF NOT EXISTS "users" ("id" integer primary key autoincrement not null, "username" varchar not null, "email" varchar not null, "avatar" varchar, "password" varchar, "autologin" varchar, "public_front" tinyint(1) not null default '0', "remember_token" varchar, "created_at" datetime, "updated_at" datetime);
INSERT INTO users VALUES(1,'admin','admin@test.com',NULL,NULL,NULL,0,NULL,'2025-05-26 03:08:50','2025-05-26 03:08:50');
CREATE TABLE IF NOT EXISTS "password_reset_tokens" ("email" varchar not null, "token" varchar not null, "created_at" datetime);
CREATE TABLE IF NOT EXISTS "setting_user" ("setting_id" integer not null, "user_id" integer not null, "uservalue" varchar, foreign key("setting_id") references "settings"("id") on delete cascade, foreign key("user_id") references "users"("id") on delete cascade, primary key ("setting_id", "user_id"));
INSERT INTO setting_user VALUES(7,1,'_blank');
INSERT INTO setting_user VALUES(5,1,'en');
INSERT INTO setting_user VALUES(12,1,'0');
INSERT INTO setting_user VALUES(4,1,'google');
INSERT INTO setting_user VALUES(14,1,'tags');
INSERT INTO setting_user VALUES(3,1,'0');
INSERT INTO setting_user VALUES(13,1,'heimdall');
CREATE TABLE IF NOT EXISTS "applications" ("appid" varchar not null, "name" varchar not null, "sha" varchar, "icon" varchar, "website" varchar, "license" varchar, "description" text, "enhanced" tinyint(1) not null default '0', "tile_background" varchar not null default 'dark', "created_at" datetime, "updated_at" datetime, "class" varchar);
INSERT INTO applications VALUES('3e0a7f109bd760b9474c78cb652e8c3e82669226','Jellyfin','0261afdcd2000d2ed0fddf978d364b8ffcae961d','icons/jellyfin.svg','https://jellyfin.github.io','GNU General Public License v2.0 only',NULL,1,'dark','2025-05-26 03:11:57','2025-05-26 03:11:57','App\SupportedApps\Jellyfin\Jellyfin');
INSERT INTO applications VALUES('3ebd4dd8afe6308e392ccf09e3516eee99a1e8df','qBittorrent','081fff2cd7a7d28f76df9c2b9ba61458aaeaa2d5','icons/qbittorrent.svg','https://www.qbittorrent.org','GNU General Public License v2.0 only',NULL,1,'dark','2025-05-26 04:15:51','2025-05-26 04:15:51','App\SupportedApps\qBittorrent\qBittorrent');
INSERT INTO applications VALUES('a83e2ce54bbef3bef63aa7f02b08dbda7fdae4c5','Traefik','e7a934e45fb58de8581bb59e6ed3c1552313f2fd','icons/traefik.svg','https://traefik.io','MIT License',NULL,1,'dark','2025-05-26 04:16:32','2025-05-26 04:16:32','App\SupportedApps\Traefik\Traefik');
INSERT INTO applications VALUES('8a5cd39a1a5dff323d63bbe45fffe0c9c03bd2e7','Radarr','3bd13966399436f3d7ad629f321dbc49129195ff','icons/radarr.svg','https://radarr.video','GNU General Public License v3.0 only',NULL,1,'light','2025-05-26 04:18:01','2025-05-26 04:18:01','App\SupportedApps\Radarr\Radarr');
INSERT INTO applications VALUES('b2005b3bb19b3916425998c0edd72b97667ec1fc','Heimdall','62b3387e1b07db148ae1eaa17eb91aa6333b3915','icons/heimdall.png','https://heimdall.site/','MIT License',NULL,1,'dark','2025-05-26 04:18:58','2025-05-26 04:18:58','App\SupportedApps\Heimdall\Heimdall');
INSERT INTO applications VALUES('de6ff49c94538e6e13a77f75991141a4fe9af8bf','Prowlarr','84ced1145add9d47b40f1ad6eddb0e9551436287','icons/prowlarr.svg','https://prowlarr.com','GNU General Public License v3.0 only',NULL,1,'dark','2025-05-26 04:19:39','2025-05-26 04:19:39','App\SupportedApps\Prowlarr\Prowlarr');
CREATE TABLE IF NOT EXISTS "jobs" ("id" integer primary key autoincrement not null, "queue" varchar not null, "payload" text not null, "attempts" integer not null, "reserved_at" integer, "available_at" integer not null, "created_at" integer not null);
CREATE TABLE IF NOT EXISTS "failed_jobs" ("id" integer primary key autoincrement not null, "connection" text not null, "queue" text not null, "payload" text not null, "exception" text not null, "failed_at" datetime not null default CURRENT_TIMESTAMP);
INSERT INTO sqlite_sequence VALUES('migrations',17);
INSERT INTO sqlite_sequence VALUES('setting_groups',4);
INSERT INTO sqlite_sequence VALUES('settings',14);
INSERT INTO sqlite_sequence VALUES('items',6);
INSERT INTO sqlite_sequence VALUES('users',1);
CREATE INDEX "items_type_index" on "items" ("type");
CREATE INDEX "item_tag_item_id_index" on "item_tag" ("item_id");
CREATE INDEX "item_tag_tag_id_index" on "item_tag" ("tag_id");
CREATE UNIQUE INDEX "users_username_unique" on "users" ("username");
CREATE INDEX "users_autologin_index" on "users" ("autologin");
CREATE INDEX "password_resets_email_index" on "password_reset_tokens" ("email");
CREATE INDEX "items_user_id_index" on "items" ("user_id");
CREATE INDEX "setting_user_setting_id_index" on "setting_user" ("setting_id");
CREATE INDEX "setting_user_user_id_index" on "setting_user" ("user_id");
CREATE UNIQUE INDEX "applications_appid_unique" on "applications" ("appid");
CREATE UNIQUE INDEX "applications_name_unique" on "applications" ("name");
CREATE UNIQUE INDEX "applications_sha_unique" on "applications" ("sha");
CREATE INDEX "jobs_queue_index" on "jobs" ("queue");
CREATE INDEX "applications_class_index" on "applications" ("class");
COMMIT;
